filename,width,height,class,xmin,ymin,xmax,ymax
photo_2017-06-16_13-14-40-300x300.jpg,300,300,human_face,183,98,270,219
images (5).jpeg,183,275,human_face,48,26,153,251
chandigarh-wednesday-february-marriott-chandigarh-february-hindustan_ee75266a-4091-11e7-b7e5-3de2b6485255.jpg,960,540,human_face,281,105,520,401
101209_reiter_376.jpg,250,376,human_face,55,85,213,291
2013_11_faces_featured.jpg,570,220,human_face,214,1,474,217
images (3).jpeg,202,250,human_face,30,49,183,223
collage_647h_122916045837.jpg,647,404,human_face,51,38,128,144
collage_647h_122916045837.jpg,647,404,human_face,251,55,391,223
collage_647h_122916045837.jpg,647,404,human_face,457,57,531,165
images_200.jpeg,191,264,human_face,24,50,166,215
31468714-glücklich-lächelnde-porträt-der-jungen-indischen-asiatischen-gruppe-von-menschen-blick-in-die-kamera-lächelnd-u.jpg,1300,866,human_face,316,261,396,361
31468714-glücklich-lächelnde-porträt-der-jungen-indischen-asiatischen-gruppe-von-menschen-blick-in-die-kamera-lächelnd-u.jpg,1300,866,human_face,440,285,527,391
31468714-glücklich-lächelnde-porträt-der-jungen-indischen-asiatischen-gruppe-von-menschen-blick-in-die-kamera-lächelnd-u.jpg,1300,866,human_face,641,242,725,374
31468714-glücklich-lächelnde-porträt-der-jungen-indischen-asiatischen-gruppe-von-menschen-blick-in-die-kamera-lächelnd-u.jpg,1300,866,human_face,803,232,889,345
31468714-glücklich-lächelnde-porträt-der-jungen-indischen-asiatischen-gruppe-von-menschen-blick-in-die-kamera-lächelnd-u.jpg,1300,866,human_face,986,258,1074,361
1483983648-selfie-1-20141103.jpg,1000,667,human_face,518,229,672,371
1483983648-selfie-1-20141103.jpg,1000,667,human_face,354,165,492,311
1483983648-selfie-1-20141103.jpg,1000,667,human_face,238,225,357,359
1483983648-selfie-1-20141103.jpg,1000,667,human_face,162,193,240,366
507790176.jpg,612,416,human_face,205,1,496,320
Shahid-Kapoor.jpg,1805,2331,human_face,612,322,1400,1313
human-face-supply-chain.jpg,1600,570,human_face,613,12,1023,570
front-view-210383_960_720.jpg,540,720,human_face,109,81,455,467
160608-1.jpg,450,518,human_face,101,44,327,316
54.jpg,2100,1578,human_face,10,151,323,521
54.jpg,2100,1578,human_face,385,204,909,700
54.jpg,2100,1578,human_face,1052,222,1356,600
54.jpg,2100,1578,human_face,1142,867,1577,1400
54.jpg,2100,1578,human_face,603,883,1109,1563
1.jpg,852,480,human_face,128,148,208,230
1.jpg,852,480,human_face,270,277,346,351
1.jpg,852,480,human_face,323,66,408,157
1.jpg,852,480,human_face,530,101,600,192
1.jpg,852,480,human_face,613,140,699,226
Dp-Sahil-Shakti.jpg,759,422,human_face,121,62,257,199
Dp-Sahil-Shakti.jpg,759,422,human_face,463,129,682,414
DABH-FANS.jpg,600,400,human_face,169,271,249,362
DABH-FANS.jpg,600,400,human_face,248,149,309,234
DABH-FANS.jpg,600,400,human_face,343,158,413,234
DABH-FANS.jpg,600,400,human_face,407,128,469,196
DABH-FANS.jpg,600,400,human_face,470,159,541,234
DABH-FANS.jpg,600,400,human_face,159,123,226,199
DABH-FANS.jpg,600,400,human_face,72,128,144,207
dg3vpz.jpg,720,540,human_face,312,86,499,307
dg3vpz.jpg,720,540,human_face,175,176,324,371
o-INDIAN-WOMEN-IN-PUBLIC-SPACES-facebook.jpg,2000,1000,human_face,652,122,797,289
o-INDIAN-WOMEN-IN-PUBLIC-SPACES-facebook.jpg,2000,1000,human_face,867,155,1036,330
o-INDIAN-WOMEN-IN-PUBLIC-SPACES-facebook.jpg,2000,1000,human_face,1116,116,1261,300
o-INDIAN-WOMEN-IN-PUBLIC-SPACES-facebook.jpg,2000,1000,human_face,1459,192,1593,336
o-INDIAN-WOMEN-IN-PUBLIC-SPACES-facebook.jpg,2000,1000,human_face,1571,318,1699,518
54968566-multiracial-group-of-young-friends-surprised-face-looking-mobile-phone-new-miracles-technology-mixed.jpg,1300,866,human_face,73,48,222,292
54968566-multiracial-group-of-young-friends-surprised-face-looking-mobile-phone-new-miracles-technology-mixed.jpg,1300,866,human_face,229,161,333,331
54968566-multiracial-group-of-young-friends-surprised-face-looking-mobile-phone-new-miracles-technology-mixed.jpg,1300,866,human_face,440,189,601,355
54968566-multiracial-group-of-young-friends-surprised-face-looking-mobile-phone-new-miracles-technology-mixed.jpg,1300,866,human_face,659,235,784,415
54968566-multiracial-group-of-young-friends-surprised-face-looking-mobile-phone-new-miracles-technology-mixed.jpg,1300,866,human_face,772,194,915,393
54968566-multiracial-group-of-young-friends-surprised-face-looking-mobile-phone-new-miracles-technology-mixed.jpg,1300,866,human_face,926,206,1110,397
images (1).jpeg,259,194,human_face,93,25,169,110
1428643700_8939739ca7_b.jpg,768,1024,human_face,98,156,713,1015
download.jpeg,238,212,human_face,67,19,206,201
man-984062_960_720.jpg,480,720,human_face,54,131,438,526
DFJogPSUQAAmjV-.jpg,900,1200,human_face,26,58,156,219
DFJogPSUQAAmjV-.jpg,900,1200,human_face,303,97,446,254
DFJogPSUQAAmjV-.jpg,900,1200,human_face,477,87,610,217
DFJogPSUQAAmjV-.jpg,900,1200,human_face,710,26,851,160
DFJogPSUQAAmjV-.jpg,900,1200,human_face,491,328,703,535
DFJogPSUQAAmjV-.jpg,900,1200,human_face,188,516,354,663
DFJogPSUQAAmjV-.jpg,900,1200,human_face,1,266,145,429
DFJogPSUQAAmjV-.jpg,900,1200,human_face,1,684,324,1057
roosh-v-in-bar-with-girls.jpg,402,306,human_face,68,118,102,163
roosh-v-in-bar-with-girls.jpg,402,306,human_face,106,102,140,150
roosh-v-in-bar-with-girls.jpg,402,306,human_face,140,84,175,124
roosh-v-in-bar-with-girls.jpg,402,306,human_face,174,127,215,167
roosh-v-in-bar-with-girls.jpg,402,306,human_face,236,111,269,146
roosh-v-in-bar-with-girls.jpg,402,306,human_face,290,95,337,149
9.jpg,852,480,human_face,309,4,603,378
a5d08386f38fdda4e68d91c6f3173611.jpg,532,800,human_face,139,180,410,509
maxresdefault (1).jpg,3994,2216,human_face,367,348,798,771
maxresdefault (1).jpg,3994,2216,human_face,1352,259,1760,759
maxresdefault (1).jpg,3994,2216,human_face,2183,86,2636,563
maxresdefault (1).jpg,3994,2216,human_face,3321,55,3679,563
maxresdefault (1).jpg,3994,2216,human_face,2313,1017,2825,1636
maxresdefault (1).jpg,3994,2216,human_face,3502,1109,3925,1725
maxresdefault (1).jpg,3994,2216,human_face,1252,1332,1706,1863
maxresdefault (1).jpg,3994,2216,human_face,298,1329,667,1771
bia2tafrih.ir_2014-03-28_22-45-121.jpg,250,230,human_face,37,58,198,229
DWpBSptVQAAo7jG.jpg,1200,601,human_face,145,65,312,292
DWpBSptVQAAo7jG.jpg,1200,601,human_face,512,67,729,307
DWpBSptVQAAo7jG.jpg,1200,601,human_face,869,51,1038,268
70260c03cbd44bea55f5e08995faa891.jpg,604,604,human_face,207,29,477,427
5fcd8d729e9c47e30185d5dd57ff6521.jpg,1698,1131,human_face,727,228,1222,852
1500180364_633_celebrity-quotes-human-note.jpg,720,720,human_face,43,1,709,631
27-1461749660-2.jpg,500,373,human_face,12,31,106,124
27-1461749660-2.jpg,500,373,human_face,119,77,241,217
27-1461749660-2.jpg,500,373,human_face,29,148,127,238
27-1461749660-2.jpg,500,373,human_face,291,164,375,277
27-1461749660-2.jpg,500,373,human_face,372,225,463,351
27-1461749660-2.jpg,500,373,human_face,268,57,357,107
27-1461749660-2.jpg,500,373,human_face,358,64,424,155
27-1461749660-2.jpg,500,373,human_face,432,99,480,156
15-winking.w710.h473.2x.jpg,1420,946,human_face,427,163,943,914
DSC_0295.jpeg,1600,1066,human_face,213,268,357,435
DSC_0295.jpeg,1600,1066,human_face,497,235,654,399
DSC_0295.jpeg,1600,1066,human_face,688,163,852,338
DSC_0295.jpeg,1600,1066,human_face,994,165,1118,349
DSC_0295.jpeg,1600,1066,human_face,1310,227,1460,409
images (9).jpeg,246,205,human_face,35,19,212,205
beauty-woman-face-portrait-beautiful-model-girl-perfect-fresh-clean-skin-spa-brunette-female-looking-camera-smiling-66363327.jpg,800,620,human_face,431,3,800,478
595700-sahil-khattar.jpg,1280,720,human_face,498,216,786,577
DabLz-qU0AAsPJO.jpg,1200,718,human_face,572,248,738,413
DabLz-qU0AAsPJO.jpg,1200,718,human_face,732,63,908,259
DabLz-qU0AAsPJO.jpg,1200,718,human_face,369,180,544,363
DabLz-qU0AAsPJO.jpg,1200,718,human_face,136,107,307,286
85565d6e162fcc8d40b33980e7043ca0.jpg,824,549,human_face,82,209,252,458
85565d6e162fcc8d40b33980e7043ca0.jpg,824,549,human_face,343,69,483,228
85565d6e162fcc8d40b33980e7043ca0.jpg,824,549,human_face,502,128,669,377
dhramendra.jpg,827,1063,human_face,179,201,660,792
f767a2223d2f549bc565611165b168c5.jpg,1037,1120,human_face,161,116,729,812
images (4).jpeg,225,225,human_face,61,14,200,183
photo_2017-06-16_13-13-41-300x300.jpg,300,300,human_face,90,21,172,118
graphics28.jpg,1080,720,human_face,351,95,657,445
46194619e17d848cf2f650bb0695bf69.jpg,613,318,human_face,37,92,200,290
46194619e17d848cf2f650bb0695bf69.jpg,613,318,human_face,410,97,579,288
needy-obsessive-woman.jpg,507,337,human_face,176,76,341,248
team-10-twitter.jpg,750,421,human_face,332,11,364,44
team-10-twitter.jpg,750,421,human_face,191,205,232,257
team-10-twitter.jpg,750,421,human_face,332,109,370,155
team-10-twitter.jpg,750,421,human_face,349,228,387,271
team-10-twitter.jpg,750,421,human_face,483,246,513,280
team-10-twitter.jpg,750,421,human_face,594,378,636,415
team-10-twitter.jpg,750,421,human_face,70,369,114,413
DXPHEdoX0AAjyNl.jpg,700,500,human_face,15,66,186,316
DXPHEdoX0AAjyNl.jpg,700,500,human_face,248,70,412,275
DXPHEdoX0AAjyNl.jpg,700,500,human_face,534,136,656,247
multi.jpeg,1350,1800,human_face,180,544,1196,1539
e317562257371cd826ea11a24e7c0935.jpg,600,897,human_face,47,116,555,731
6249-438063-retratsIndia3.jpg,742,550,human_face,93,218,288,410
6249-438063-retratsIndia3.jpg,742,550,human_face,480,229,660,412
Being_Human_1x09_006.jpg,523,399,human_face,151,59,366,300
Harbhajan Kaur and Romy Singh.JPG,1280,960,human_face,3,253,463,801
Harbhajan Kaur and Romy Singh.JPG,1280,960,human_face,608,104,1266,806
man-783701_960_720.jpg,806,720,human_face,183,81,702,700
shima_nikpour_tazeno_ir-8.jpg,424,529,human_face,129,93,330,355
houseful 3_1450952636_725x725.jpg,725,580,human_face,4,11,165,182
houseful 3_1450952636_725x725.jpg,725,580,human_face,193,24,374,291
houseful 3_1450952636_725x725.jpg,725,580,human_face,378,8,536,221
houseful 3_1450952636_725x725.jpg,725,580,human_face,547,60,725,218
graphicstock-indian-girl-showing-pictures-on-smart-phone-to-her-friends-in-an-indian-cafe_rxLO7MNag_SB_PM.jpg,1000,667,human_face,222,40,392,253
graphicstock-indian-girl-showing-pictures-on-smart-phone-to-her-friends-in-an-indian-cafe_rxLO7MNag_SB_PM.jpg,1000,667,human_face,460,112,601,299
graphicstock-indian-girl-showing-pictures-on-smart-phone-to-her-friends-in-an-indian-cafe_rxLO7MNag_SB_PM.jpg,1000,667,human_face,620,104,771,296
Beard-For-Men-With-Small-Face.jpg,720,900,human_face,237,144,513,496
r3-2.jpg,660,371,human_face,172,62,406,301
9456254-3x2-940x627.jpg,940,627,human_face,62,224,140,310
9456254-3x2-940x627.jpg,940,627,human_face,317,110,390,205
9456254-3x2-940x627.jpg,940,627,human_face,452,74,524,161
9456254-3x2-940x627.jpg,940,627,human_face,665,144,732,229
9456254-3x2-940x627.jpg,940,627,human_face,782,324,874,424
9456254-3x2-940x627.jpg,940,627,human_face,573,325,657,432
9456254-3x2-940x627.jpg,940,627,human_face,352,321,443,413
9456254-3x2-940x627.jpg,940,627,human_face,139,320,222,410
9456254-3x2-940x627.jpg,940,627,human_face,102,433,180,520
emanuelmijares.jpg,368,368,human_face,75,32,167,140
emanuelmijares.jpg,368,368,human_face,236,64,327,161
sarah-jc-penney-image_CVqd2Sh_aHtcuPz.jpg,600,375,human_face,205,24,326,133
enhanced-27321-1421785073-2.jpg,625,938,human_face,122,186,514,695
brooke-cagle-191367-1920.jpg,1148,574,human_face,424,152,690,414
images (7).jpeg,198,254,human_face,91,20,119,84
asian_family.webp,500,333,human_face,153,153,207,207
asian_family.webp,500,333,human_face,194,73,242,142
asian_family.webp,500,333,human_face,275,77,332,141
asian_family.webp,500,333,human_face,323,143,368,198
asian_family.webp,500,333,human_face,361,75,421,147
asian_family.webp,500,333,human_face,90,98,141,154
a5c93b0a41f3e3dbe2b4eee209f40593.jpg,497,750,human_face,83,105,408,530
phillips.jpg,600,482,human_face,146,6,523,424
Sexy-Guys-Instagram.jpg,640,640,human_face,117,1,449,455
india-economy-mallya-files_03feb2c2-e683-11e5-93e5-5c9d844984a6.jpg,640,480,human_face,217,99,446,404
55360841-gruppo-di-giovani-seduti-in-un-caffè-e-guardando-le-foto-sul-telefono-intelligente-giovani-uomini-e-do.jpg,1300,866,human_face,267,189,465,436
55360841-gruppo-di-giovani-seduti-in-un-caffè-e-guardando-le-foto-sul-telefono-intelligente-giovani-uomini-e-do.jpg,1300,866,human_face,567,273,711,446
55360841-gruppo-di-giovani-seduti-in-un-caffè-e-guardando-le-foto-sul-telefono-intelligente-giovani-uomini-e-do.jpg,1300,866,human_face,827,216,1026,459
55360841-gruppo-di-giovani-seduti-in-un-caffè-e-guardando-le-foto-sul-telefono-intelligente-giovani-uomini-e-do.jpg,1300,866,human_face,1045,201,1260,436
indian-cricket-team-captain-mahendra-singh-dhoni-celebrates-diwali-festival-with-his-close-friends_1478054205100.jpg,680,499,human_face,361,75,420,170
indian-cricket-team-captain-mahendra-singh-dhoni-celebrates-diwali-festival-with-his-close-friends_1478054205100.jpg,680,499,human_face,249,41,354,175
indian-cricket-team-captain-mahendra-singh-dhoni-celebrates-diwali-festival-with-his-close-friends_1478054205100.jpg,680,499,human_face,405,159,489,259
indian-cricket-team-captain-mahendra-singh-dhoni-celebrates-diwali-festival-with-his-close-friends_1478054205100.jpg,680,499,human_face,528,177,632,287
indian-cricket-team-captain-mahendra-singh-dhoni-celebrates-diwali-festival-with-his-close-friends_1478054205100.jpg,680,499,human_face,418,298,549,456
indian-cricket-team-captain-mahendra-singh-dhoni-celebrates-diwali-festival-with-his-close-friends_1478054205100.jpg,680,499,human_face,228,267,344,420
indian-cricket-team-captain-mahendra-singh-dhoni-celebrates-diwali-festival-with-his-close-friends_1478054205100.jpg,680,499,human_face,62,104,245,345
Dg3VEPGVQAI3pj4.jpg,1200,800,human_face,467,156,746,564
BioID.JPG,401,218,human_face,43,26,99,95
BioID.JPG,401,218,human_face,175,19,221,85
BioID.JPG,401,218,human_face,305,22,350,90
BioID.JPG,401,218,human_face,39,132,90,204
BioID.JPG,401,218,human_face,174,119,214,185
BioID.JPG,401,218,human_face,298,121,360,200
1189659_Wallpaper2.jpg,640,480,human_face,66,49,137,144
1189659_Wallpaper2.jpg,640,480,human_face,232,88,280,175
1189659_Wallpaper2.jpg,640,480,human_face,405,82,455,162
1189659_Wallpaper2.jpg,640,480,human_face,526,140,587,227
images (6).jpeg,275,183,human_face,75,22,192,144
pod 900x580.jpg,900,580,human_face,44,98,169,263
pod 900x580.jpg,900,580,human_face,205,49,336,230
pod 900x580.jpg,900,580,human_face,326,92,410,221
pod 900x580.jpg,900,580,human_face,399,95,527,228
pod 900x580.jpg,900,580,human_face,556,121,721,290
pod 900x580.jpg,900,580,human_face,727,198,900,431
iStock_000013943981_Small-copy.jpg,849,565,human_face,197,153,318,303
iStock_000013943981_Small-copy.jpg,849,565,human_face,350,133,450,241
iStock_000013943981_Small-copy.jpg,849,565,human_face,450,178,579,328
59c63ffa56a3b.image.jpg,1863,1111,human_face,544,180,633,285
59c63ffa56a3b.image.jpg,1863,1111,human_face,786,272,850,351
59c63ffa56a3b.image.jpg,1863,1111,human_face,1044,258,1111,338
59c63ffa56a3b.image.jpg,1863,1111,human_face,1253,323,1317,389
59c63ffa56a3b.image.jpg,1863,1111,human_face,1515,176,1595,262
images (2).jpeg,225,225,human_face,47,40,182,178
3281113ec86007116b291da53510a7af--indian-people-saree-collection.jpg,640,960,human_face,211,137,284,244
3281113ec86007116b291da53510a7af--indian-people-saree-collection.jpg,640,960,human_face,316,150,383,246
3281113ec86007116b291da53510a7af--indian-people-saree-collection.jpg,640,960,human_face,75,461,161,575
3281113ec86007116b291da53510a7af--indian-people-saree-collection.jpg,640,960,human_face,272,378,357,481
3281113ec86007116b291da53510a7af--indian-people-saree-collection.jpg,640,960,human_face,451,491,545,580
Modi_AP-L-1.jpg,660,440,human_face,234,71,505,384
7786_1655598871360603_7993364819995103120_n.jpg,720,960,human_face,189,243,400,549
drjafaripour-170131113011.jpg,450,302,human_face,23,64,206,259
drjafaripour-170131113011.jpg,450,302,human_face,250,35,429,235
company-1542935.jpg,373,239,human_face,167,65,241,172
company-1542935.jpg,373,239,human_face,242,90,329,188
company-1542935.jpg,373,239,human_face,76,66,170,180
120706_NEWSCIENTIST_SanalEdamarukuEX.jpg.CROP.promo-xlarge2.jpg,1180,842,human_face,333,247,719,657
Bangalore Indian Group of Young Men.jpg,930,620,human_face,91,199,220,342
Bangalore Indian Group of Young Men.jpg,930,620,human_face,236,287,365,445
Bangalore Indian Group of Young Men.jpg,930,620,human_face,373,192,480,322
Bangalore Indian Group of Young Men.jpg,930,620,human_face,487,106,619,221
Bangalore Indian Group of Young Men.jpg,930,620,human_face,652,171,775,292
images (10).jpeg,207,244,human_face,46,41,167,190
5941bf09210000160033c443.jpg,720,453,human_face,249,50,361,193
5941bf09210000160033c443.jpg,720,453,human_face,391,113,553,299
5941bf09210000160033c443.jpg,720,453,human_face,609,80,720,206
5941bf09210000160033c443.jpg,720,453,human_face,230,228,443,433
5941bf09210000160033c443.jpg,720,453,human_face,1,81,192,400
55082072.jpg,400,329,human_face,81,51,236,254
india2a.jpg,1280,1920,human_face,357,237,557,500
india2a.jpg,1280,1920,human_face,565,276,789,563
india2a.jpg,1280,1920,human_face,731,527,938,759
india2a.jpg,1280,1920,human_face,582,712,789,968
india2a.jpg,1280,1920,human_face,221,556,492,929
1484207-daniel-craig-young.jpg,1920,1200,human_face,388,1,1414,1006
DenCLRP9_400x400.jpg,375,375,human_face,146,46,229,161
images.jpeg,191,264,human_face,24,50,166,215
5885b37c67212.jpg,800,450,human_face,149,2,381,257
5885b37c67212.jpg,800,450,human_face,371,88,667,449
cricket-ind-women_10a3c8fe-721f-11e7-a55a-ab3ca1304be3.jpg,960,540,human_face,13,201,330,540
cricket-ind-women_10a3c8fe-721f-11e7-a55a-ab3ca1304be3.jpg,960,540,human_face,459,155,787,535
spanking-kids-leads-them-into-becoming-more-defiant.jpg,876,493,human_face,238,82,678,490
619-01431092en_Masterfile.jpg,450,300,human_face,63,82,124,158
619-01431092en_Masterfile.jpg,450,300,human_face,146,83,198,150
619-01431092en_Masterfile.jpg,450,300,human_face,254,65,314,144
619-01431092en_Masterfile.jpg,450,300,human_face,326,66,411,161
rihanna-ponytails-hairstyle-1-natural-wet.jpg,1000,996,human_face,170,128,389,437
rihanna-ponytails-hairstyle-1-natural-wet.jpg,1000,996,human_face,663,162,890,443
24.jpg,590,403,human_face,131,64,195,163
24.jpg,590,403,human_face,209,79,285,174
24.jpg,590,403,human_face,300,73,375,153
selfie-group.jpg,1255,836,human_face,28,85,191,255
selfie-group.jpg,1255,836,human_face,354,100,491,292
selfie-group.jpg,1255,836,human_face,510,216,741,461
selfie-group.jpg,1255,836,human_face,816,161,973,316
selfie-group.jpg,1255,836,human_face,942,328,1169,533
selfie-group.jpg,1255,836,human_face,254,309,419,525
c7c3e6340fafa7cc75f288472c1a3148--lgbt-wedding-family-pictures.jpg,471,386,human_face,179,209,290,337
c7c3e6340fafa7cc75f288472c1a3148--lgbt-wedding-family-pictures.jpg,471,386,human_face,274,116,458,314
c7c3e6340fafa7cc75f288472c1a3148--lgbt-wedding-family-pictures.jpg,471,386,human_face,39,108,187,313
45C616B700000578-5025615-image-a-25_1509206023005.jpg,634,476,human_face,25,69,218,326
45C616B700000578-5025615-image-a-25_1509206023005.jpg,634,476,human_face,152,301,330,473
45C616B700000578-5025615-image-a-25_1509206023005.jpg,634,476,human_face,344,150,464,317
45C616B700000578-5025615-image-a-25_1509206023005.jpg,634,476,human_face,502,149,634,397
couplestory_650_032415045721.jpg,0,0,human_face,380,51,477,174
couplestory_650_032415045721.jpg,0,0,human_face,211,70,311,187
article-l-201611210114036700000.jpg,700,400,human_face,142,236,209,316
article-l-201611210114036700000.jpg,700,400,human_face,218,116,305,218
article-l-201611210114036700000.jpg,700,400,human_face,127,32,214,167
article-l-201611210114036700000.jpg,700,400,human_face,422,27,485,97
article-l-201611210114036700000.jpg,700,400,human_face,539,21,597,101
article-l-201611210114036700000.jpg,700,400,human_face,628,45,672,92
maxresdefault.jpg,1280,720,human_face,4,280,178,540
maxresdefault.jpg,1280,720,human_face,128,1,444,371
maxresdefault.jpg,1280,720,human_face,794,18,1004,219
maxresdefault.jpg,1280,720,human_face,1067,309,1280,559
I-lyxZ4I.jpeg,512,512,human_face,82,73,460,491
Cole_Calistra.jpeg,500,500,human_face,118,126,382,423
ezwed_blog_pouting_selfie_1.jpg,520,520,human_face,58,51,175,203
ezwed_blog_pouting_selfie_1.jpg,520,520,human_face,195,46,320,213
ezwed_blog_pouting_selfie_1.jpg,520,520,human_face,382,44,484,193
Sakhi_640.jpg,640,320,human_face,61,81,107,135
Sakhi_640.jpg,640,320,human_face,147,71,199,130
Sakhi_640.jpg,640,320,human_face,203,71,253,128
Sakhi_640.jpg,640,320,human_face,287,38,349,103
Sakhi_640.jpg,640,320,human_face,405,95,448,152
Sakhi_640.jpg,640,320,human_face,471,91,507,147
54968566-multiracial-group-of-young-friends-surprised-face-looking-mobile-phone-new-miracles-technology-mixed (1).jpg,1300,866,human_face,87,45,236,272
54968566-multiracial-group-of-young-friends-surprised-face-looking-mobile-phone-new-miracles-technology-mixed (1).jpg,1300,866,human_face,230,164,338,329
54968566-multiracial-group-of-young-friends-surprised-face-looking-mobile-phone-new-miracles-technology-mixed (1).jpg,1300,866,human_face,436,184,596,353
54968566-multiracial-group-of-young-friends-surprised-face-looking-mobile-phone-new-miracles-technology-mixed (1).jpg,1300,866,human_face,658,230,796,413
54968566-multiracial-group-of-young-friends-surprised-face-looking-mobile-phone-new-miracles-technology-mixed (1).jpg,1300,866,human_face,776,193,927,401
54968566-multiracial-group-of-young-friends-surprised-face-looking-mobile-phone-new-miracles-technology-mixed (1).jpg,1300,866,human_face,929,211,1114,398
graphics26.jpg,1080,720,human_face,343,128,738,556
47665ea1b9ad00f88c80a33105f22573--hot-beards-bearded-guys.jpg,600,713,human_face,158,147,448,472
F2.jpg,600,424,human_face,98,59,182,183
F2.jpg,600,424,human_face,213,135,314,255
F2.jpg,600,424,human_face,349,129,461,244
cyra-7.jpg,500,292,human_face,39,81,170,246
cyra-7.jpg,500,292,human_face,275,76,407,259
Ralph-Lauren-Slim-CustomFit-Big-Pony-Polo-Vert-emeraude.jpg,480,480,human_face,176,28,258,120
images (8).jpeg,225,225,human_face,42,20,156,167
57236210-group-of-multiracial-friends-looking-mobile-phone-are-traveling-around-the-world-mixed-race-students.jpg,1300,868,human_face,393,242,495,348
57236210-group-of-multiracial-friends-looking-mobile-phone-are-traveling-around-the-world-mixed-race-students.jpg,1300,868,human_face,606,95,707,251
57236210-group-of-multiracial-friends-looking-mobile-phone-are-traveling-around-the-world-mixed-race-students.jpg,1300,868,human_face,677,246,785,368
57236210-group-of-multiracial-friends-looking-mobile-phone-are-traveling-around-the-world-mixed-race-students.jpg,1300,868,human_face,827,240,917,374
shah-rukh-salman-khan-friendship.jpg,715,431,human_face,191,47,325,221
shah-rukh-salman-khan-friendship.jpg,715,431,human_face,383,82,507,248
JCPenney-Obsess.jpg,640,360,human_face,445,17,567,158
1_PPrsNBFYX-1OGi1lxrUSYQ.png,2000,1125,human_face,205,285,381,467
1_PPrsNBFYX-1OGi1lxrUSYQ.png,2000,1125,human_face,677,283,848,440
1_PPrsNBFYX-1OGi1lxrUSYQ.png,2000,1125,human_face,1018,275,1152,430
1_PPrsNBFYX-1OGi1lxrUSYQ.png,2000,1125,human_face,1336,314,1444,455
1_PPrsNBFYX-1OGi1lxrUSYQ.png,2000,1125,human_face,1538,320,1712,512
497C457000000578-0-image-a-63_1519314914955.jpg,636,382,human_face,387,42,508,214
497C457000000578-0-image-a-63_1519314914955.jpg,636,382,human_face,77,286,106,326
497C457000000578-0-image-a-63_1519314914955.jpg,636,382,human_face,25,289,47,325
497C457000000578-0-image-a-63_1519314914955.jpg,636,382,human_face,190,128,211,161
bill_galvin.png,238,313,human_face,42,84,205,259
3iNiwB_A.jpg,400,400,human_face,65,135,175,266
3iNiwB_A.jpg,400,400,human_face,202,116,324,282
mens-recent-hairstyles-57.jpg,460,646,human_face,85,137,395,462
1198862-zigi-1476435975-249-640x480.gif,0,0,human_face,71,6,115,77
1198862-zigi-1476435975-249-640x480.gif,0,0,human_face,211,69,290,180
1198862-zigi-1476435975-249-640x480.gif,0,0,human_face,368,68,479,197
eecc41fa742c9fb2f0cf7bba5ac0b443.jpg,564,796,human_face,42,86,429,514
Arjun-Bijlani-Alisha-Panwar-3.jpeg,1280,1152,human_face,296,265,610,743
Arjun-Bijlani-Alisha-Panwar-3.jpeg,1280,1152,human_face,667,181,1016,573
Sasha-Chettri-Airtel-4g-girl-hot-Photos10.png,1024,1164,human_face,502,402,791,714
1004page_last-castle1.jpg,600,400,human_face,206,114,467,354
iran_sotoudeh_nasrin_f.jpg,986,493,human_face,72,59,372,384
iran_sotoudeh_nasrin_f.jpg,986,493,human_face,565,45,650,146
iran_sotoudeh_nasrin_f.jpg,986,493,human_face,741,200,810,283
iran_sotoudeh_nasrin_f.jpg,986,493,human_face,822,108,901,191
The Uncanny Truth Teller 2 fb (1).jpg,750,500,human_face,118,139,338,369
The Uncanny Truth Teller 2 fb (1).jpg,750,500,human_face,287,52,463,245
The Uncanny Truth Teller 2 fb (1).jpg,750,500,human_face,506,26,702,223
2nd252812529.jpg,400,300,human_face,40,126,91,190
2nd252812529.jpg,400,300,human_face,164,122,222,188
2nd252812529.jpg,400,300,human_face,261,85,318,156
Brian_Brackeen.jpg,500,500,human_face,129,89,376,412
57053528-man-head-shot-with-neutral-face-expression-and-white-background.jpg,1010,1300,human_face,240,318,748,980
DSC_6080.jpg,1920,1080,human_face,143,180,602,693
DSC_6080.jpg,1920,1080,human_face,777,388,1056,718
DSC_6080.jpg,1920,1080,human_face,1082,231,1571,734
105928-103553.jpg,565,850,human_face,82,182,455,591
pull-bear-hombre-bomber-ma1-bomber-in.jpg,300,450,human_face,66,62,130,139
1 (1).jpg,852,480,human_face,351,121,449,240
1 (1).jpg,852,480,human_face,463,117,573,237
1 (1).jpg,852,480,human_face,582,106,716,265
GQ-David-Beckham-Beard-Grooming-0614.jpg,350,467,human_face,104,46,256,277
961d389798a74a0da48968838877c0b8.jpg,301,450,human_face,76,64,193,232
961d389798a74a0da48968838877c0b8.jpg,301,450,human_face,148,218,257,360
6d8311b99b801d81ac295bc6d38e6313--human-faces-male-faces.jpg,736,981,human_face,135,333,638,961
94878294_9204968148.jpg,500,375,human_face,161,218,233,299
94878294_9204968148.jpg,500,375,human_face,222,85,266,133
94878294_9204968148.jpg,500,375,human_face,103,86,140,137
94878294_9204968148.jpg,500,375,human_face,296,103,328,142
94878294_9204968148.jpg,500,375,human_face,386,88,423,138
94878294_9204968148.jpg,500,375,human_face,193,94,216,133
6249-438061-retratsIndia1.jpg,742,550,human_face,78,97,303,397
6249-438061-retratsIndia1.jpg,742,550,human_face,454,199,658,458
Kevin+Hart+Stars+Black+Carpet+Laugh+My+Pain+Fn2UOEe2RP8l.jpg,397,594,human_face,109,105,326,400
selfie_dca2ff73-41ae-11e5-a8da-005056b4648e.jpg,640,480,human_face,145,111,227,207
selfie_dca2ff73-41ae-11e5-a8da-005056b4648e.jpg,640,480,human_face,285,111,369,217
selfie_dca2ff73-41ae-11e5-a8da-005056b4648e.jpg,640,480,human_face,446,116,515,218
selfie_dca2ff73-41ae-11e5-a8da-005056b4648e.jpg,640,480,human_face,506,165,575,267
indian-women-1462604589.jpg,715,431,human_face,36,119,162,275
indian-women-1462604589.jpg,715,431,human_face,201,165,305,296
indian-women-1462604589.jpg,715,431,human_face,296,113,371,214
indian-women-1462604589.jpg,715,431,human_face,452,22,542,124
indian-women-1462604589.jpg,715,431,human_face,556,93,643,191
indian-women-1462604589.jpg,715,431,human_face,469,143,561,276
happy-asian-family.jpg,509,340,human_face,123,57,179,141
happy-asian-family.jpg,509,340,human_face,43,51,115,151
happy-asian-family.jpg,509,340,human_face,196,117,255,174
happy-asian-family.jpg,509,340,human_face,261,93,334,163
happy-asian-family.jpg,509,340,human_face,336,62,413,146
happy-asian-family.jpg,509,340,human_face,417,71,500,161
2.jpg,1280,960,human_face,573,115,799,381
2.jpg,1280,960,human_face,699,410,1003,745
2.jpg,1280,960,human_face,482,436,672,613
2.jpg,1280,960,human_face,160,132,475,590
ShaparakShajarizadeh6.png,2556,908,human_face,227,82,519,472
ShaparakShajarizadeh6.png,2556,908,human_face,1242,685,1349,807
ShaparakShajarizadeh6.png,2556,908,human_face,1899,207,2182,605
ShaparakShajarizadeh6.png,2556,908,human_face,2269,442,2524,680
141927264.jpg,502,612,human_face,123,79,239,299
141927264.jpg,502,612,human_face,232,72,346,236
5876146_orig.jpg,1100,618,human_face,208,32,393,280
5876146_orig.jpg,1100,618,human_face,499,135,685,388
5876146_orig.jpg,1100,618,human_face,770,56,1018,384
jason.jpg,577,577,human_face,75,106,398,450
ThinkstockPhotos-491451175_1131.jpg,1131,645,human_face,38,18,107,102
ThinkstockPhotos-491451175_1131.jpg,1131,645,human_face,169,30,270,108
ThinkstockPhotos-491451175_1131.jpg,1131,645,human_face,309,8,380,89
ThinkstockPhotos-491451175_1131.jpg,1131,645,human_face,458,6,540,101
ThinkstockPhotos-491451175_1131.jpg,1131,645,human_face,606,33,681,111
ThinkstockPhotos-491451175_1131.jpg,1131,645,human_face,732,9,823,117
ThinkstockPhotos-491451175_1131.jpg,1131,645,human_face,869,12,976,108
ThinkstockPhotos-491451175_1131.jpg,1131,645,human_face,1025,7,1113,100
ThinkstockPhotos-491451175_1131.jpg,1131,645,human_face,1020,155,1112,241
ThinkstockPhotos-491451175_1131.jpg,1131,645,human_face,1027,285,1118,382
ThinkstockPhotos-491451175_1131.jpg,1131,645,human_face,1009,407,1117,519
ThinkstockPhotos-491451175_1131.jpg,1131,645,human_face,1012,540,1104,620
ThinkstockPhotos-491451175_1131.jpg,1131,645,human_face,884,148,974,263
ThinkstockPhotos-491451175_1131.jpg,1131,645,human_face,882,295,975,395
ThinkstockPhotos-491451175_1131.jpg,1131,645,human_face,885,403,974,533
ThinkstockPhotos-491451175_1131.jpg,1131,645,human_face,871,539,988,645
ThinkstockPhotos-491451175_1131.jpg,1131,645,human_face,730,149,816,256
ThinkstockPhotos-491451175_1131.jpg,1131,645,human_face,741,275,826,380
ThinkstockPhotos-491451175_1131.jpg,1131,645,human_face,734,406,816,522
ThinkstockPhotos-491451175_1131.jpg,1131,645,human_face,731,551,832,645
ThinkstockPhotos-491451175_1131.jpg,1131,645,human_face,591,550,687,645
ThinkstockPhotos-491451175_1131.jpg,1131,645,human_face,583,415,673,519
ThinkstockPhotos-491451175_1131.jpg,1131,645,human_face,586,281,699,393
ThinkstockPhotos-491451175_1131.jpg,1131,645,human_face,586,144,692,262
ThinkstockPhotos-491451175_1131.jpg,1131,645,human_face,460,140,556,260
ThinkstockPhotos-491451175_1131.jpg,1131,645,human_face,463,279,550,391
ThinkstockPhotos-491451175_1131.jpg,1131,645,human_face,457,416,564,529
ThinkstockPhotos-491451175_1131.jpg,1131,645,human_face,442,560,547,645
ThinkstockPhotos-491451175_1131.jpg,1131,645,human_face,306,139,380,215
ThinkstockPhotos-491451175_1131.jpg,1131,645,human_face,334,279,414,359
ThinkstockPhotos-491451175_1131.jpg,1131,645,human_face,316,411,396,504
ThinkstockPhotos-491451175_1131.jpg,1131,645,human_face,317,549,384,637
ThinkstockPhotos-491451175_1131.jpg,1131,645,human_face,179,149,250,239
ThinkstockPhotos-491451175_1131.jpg,1131,645,human_face,160,269,241,363
ThinkstockPhotos-491451175_1131.jpg,1131,645,human_face,178,419,261,500
ThinkstockPhotos-491451175_1131.jpg,1131,645,human_face,164,551,256,645
ThinkstockPhotos-491451175_1131.jpg,1131,645,human_face,38,147,123,250
ThinkstockPhotos-491451175_1131.jpg,1131,645,human_face,17,291,114,370
ThinkstockPhotos-491451175_1131.jpg,1131,645,human_face,20,408,93,503
ThinkstockPhotos-491451175_1131.jpg,1131,645,human_face,29,552,117,633
craigventer.jpg,692,384,human_face,242,40,434,280
images (11).jpeg,225,224,human_face,76,13,137,119
GGIA-HumanFace.jpg,700,467,human_face,209,16,589,454
Mikaal-Zulfiqar-trolls-Urwa-Hocane-and-Ayesha-Khan-683x1024.jpg,683,1024,human_face,81,166,546,648
50750432-multiracial-people-having-fun-at-party-taking-a-selfie-with-mobile-phone-group-of-young-friends-sitt.jpg,1300,866,human_face,93,187,211,360
50750432-multiracial-people-having-fun-at-party-taking-a-selfie-with-mobile-phone-group-of-young-friends-sitt.jpg,1300,866,human_face,340,65,443,240
50750432-multiracial-people-having-fun-at-party-taking-a-selfie-with-mobile-phone-group-of-young-friends-sitt.jpg,1300,866,human_face,531,131,651,258
50750432-multiracial-people-having-fun-at-party-taking-a-selfie-with-mobile-phone-group-of-young-friends-sitt.jpg,1300,866,human_face,720,144,827,272
50750432-multiracial-people-having-fun-at-party-taking-a-selfie-with-mobile-phone-group-of-young-friends-sitt.jpg,1300,866,human_face,753,283,893,445
Dc4uDVPXkAAtBaH.jpg,1199,838,human_face,722,189,1038,574
Dc4uDVPXkAAtBaH.jpg,1199,838,human_face,153,129,353,389
8ad2bd2f6a7030d6d67d16781f9e5dfd.jpg,2100,2100,human_face,685,112,1774,1364
happily-surprised.jpg,1000,1500,human_face,79,219,966,1426
002943.jpg,800,800,human_face,246,139,582,580
12568946_543279439155159_206449490_n.jpg,800,817,human_face,237,194,621,572
old man smiling.jpg,900,913,human_face,247,327,597,695
shutterstock_115992457_LR-1030x687.jpg,1030,687,human_face,94,83,669,571
35106803-a-small-group-of-young-people-friends-at-home-birthday-party-sitting-on-the-couch-pleasantly-surpris.jpg,1300,867,human_face,572,151,655,275
35106803-a-small-group-of-young-people-friends-at-home-birthday-party-sitting-on-the-couch-pleasantly-surpris.jpg,1300,867,human_face,678,99,767,221
35106803-a-small-group-of-young-people-friends-at-home-birthday-party-sitting-on-the-couch-pleasantly-surpris.jpg,1300,867,human_face,792,140,877,269
35106803-a-small-group-of-young-people-friends-at-home-birthday-party-sitting-on-the-couch-pleasantly-surpris.jpg,1300,867,human_face,941,258,1041,406
35106803-a-small-group-of-young-people-friends-at-home-birthday-party-sitting-on-the-couch-pleasantly-surpris.jpg,1300,867,human_face,855,60,992,164
M308_flash3.jpg,1170,420,human_face,257,18,400,182
3430220146_f24ac86802_b.jpg,1024,685,human_face,280,174,455,386
3430220146_f24ac86802_b.jpg,1024,685,human_face,639,247,820,480
Indianworkingparents.jpg,1400,784,human_face,597,41,800,286
Indianworkingparents.jpg,1400,784,human_face,846,130,1044,369
Indianworkingparents.jpg,1400,784,human_face,704,391,894,630
Indianworkingparents.jpg,1400,784,human_face,947,520,1152,704
Present-human-f39438.jpg,715,431,human_face,191,98,444,382
diversity-race-ethnicity-people-concept-international-group-happy-smiling-different-women-over-white-hugging-international-99061310.jpg,800,520,human_face,113,101,190,190
diversity-race-ethnicity-people-concept-international-group-happy-smiling-different-women-over-white-hugging-international-99061310.jpg,800,520,human_face,209,155,270,238
diversity-race-ethnicity-people-concept-international-group-happy-smiling-different-women-over-white-hugging-international-99061310.jpg,800,520,human_face,305,153,370,217
diversity-race-ethnicity-people-concept-international-group-happy-smiling-different-women-over-white-hugging-international-99061310.jpg,800,520,human_face,438,95,495,169
diversity-race-ethnicity-people-concept-international-group-happy-smiling-different-women-over-white-hugging-international-99061310.jpg,800,520,human_face,543,81,599,162
diversity-race-ethnicity-people-concept-international-group-happy-smiling-different-women-over-white-hugging-international-99061310.jpg,800,520,human_face,640,91,703,175
kushal.jpg,445,297,human_face,162,91,299,250
Indianwomensmiling.blog_.gif,550,367,human_face,37,55,130,156
Indianwomensmiling.blog_.gif,550,367,human_face,150,27,232,125
Indianwomensmiling.blog_.gif,550,367,human_face,244,56,329,169
Indianwomensmiling.blog_.gif,550,367,human_face,333,70,410,172
Indianwomensmiling.blog_.gif,550,367,human_face,404,79,496,197
Jyothi_Krishna_(Malayalam_Actress)_20161013101023.jpeg,600,800,human_face,285,186,503,472
Best-Quality-Indian-Human-Hair-Ponytail-Extensions-Natural-Virgin-Human-Hair-Drawstring-Ponytail-Body-Wave-High.jpg_640x640.jpg,640,640,human_face,277,233,528,544
main-qimg-ce377914a42c41f463d1b8931dc860e7.png,602,452,human_face,10,103,151,280
main-qimg-ce377914a42c41f463d1b8931dc860e7.png,602,452,human_face,154,67,248,190
main-qimg-ce377914a42c41f463d1b8931dc860e7.png,602,452,human_face,233,5,350,165
main-qimg-ce377914a42c41f463d1b8931dc860e7.png,602,452,human_face,400,67,527,235
17265701_334954916900580_7264966039069261824_n.jpg,750,750,human_face,336,66,559,365
17265701_334954916900580_7264966039069261824_n.jpg,750,750,human_face,527,239,685,424
michael-walter-e1502477781728.jpg,400,400,human_face,106,79,319,296
2015%2F06%2F14%2F2e%2Flgbtfamilie.2c76e.jpg,950,534,human_face,259,229,448,470
2015%2F06%2F14%2F2e%2Flgbtfamilie.2c76e.jpg,950,534,human_face,607,222,783,447
2015%2F06%2F14%2F2e%2Flgbtfamilie.2c76e.jpg,950,534,human_face,761,43,950,416
2015%2F06%2F14%2F2e%2Flgbtfamilie.2c76e.jpg,950,534,human_face,1,94,234,517
4f38bb8b6f54e32c47d4b8450b763aa3.jpg,1080,1080,human_face,302,86,726,567
avatar-sitepal.jpg,354,310,human_face,115,41,233,215
486037663.jpg,640,360,human_face,291,1,506,267
